MPLADS payee name,Registered company name,CIN/LLPIN,Entity type,Bulk-file status,Registered state,States MPLADS paid in,Payments
R K Construction,R K CONSTRUCTION PVT LTD,U00500BR1984PTC001953,Company,Strike Off,Bihar,Bihar,358
Annamalaiyar builders,ANNAMALAIYAR BUILDERS PRIVATE LIMITED,U74900TN2014PTC095659,Company,Strike Off,Tamil Nadu,Tamil Nadu,42
SHREE JEE ENTERPRISES,SHREE JEE ENTERPRISES PVT LTD,U27107DL1978PTC008943,Company,Strike Off,Delhi,"Delhi, Uttar Pradesh",30
MITHILA ENTERPRISES,MITHILA ENTERPRISES PRIVATE LIMITED,U45201BR2006PTC012760,Company,Strike Off,Bihar,Bihar,26
Sathya Enterprises,SATHYA ENTERPRISES PRIVATE LIMITED,U24231TN1993PTC024970,Company,Strike Off,Tamil Nadu,Tamil Nadu,26
Unitone Home Appliances,UNITONE HOME APPLIANCES PRIVATE LIMITED,U29300PB2010PTC033927,Company,Strike Off,Punjab,Punjab,26
FRIENDS ENTERPRISES,FRIENDS ENTERPRISES PRIVATE LIMITED,U92111UP1973PTC003745,Company,Strike Off,Uttar Pradesh,"Punjab, Uttar Pradesh",14
OM ENTERPRISES,OM ENTERPRISES PRIVATE LIMITED,U28991CH1991PTC011619,Company,Strike Off,Chandigarh,"Madhya Pradesh, Uttar Pradesh",284
SRIJAN CONSTRUCTION,SRIJAN CONSTRUCTION PRIVATE LIMITED,U45203DL1991PTC044892,Company,Strike Off,Delhi,Uttar Pradesh,193
VIVEK ENTERPRISES,VIVEK ENTERPRISES PVT LTD,U51909RJ1976PTC001703,Company,Strike Off,Rajasthan,"Punjab, Uttar Pradesh",188
S K ENTERPRISES,S.K.ENTERPRISES PVT LTD,U28920WB1961PTC024955,Company,Strike Off,West Bengal,"Bihar, Uttar Pradesh, West Bengal",70
A K CONSTRUCTION,A K CONSTRUCTION PRIVATE LIMITED,U29248UR1982PTC005795,Company,Strike Off,Uttarakhand,"Uttar Pradesh, West Bengal",66
DUTTA ENTERPRISE,DUTTA ENTERPRISE PRIVATE LIMITED,U52399AS2013PTC011737,Company,Strike Off,Assam,"Assam, West Bengal",42
SUNITA,SUNITA PRIVATE LIMITED,U29290MH1973PTC017081,Company,Strike Off,Maharashtra,"Rajasthan, Uttarakhand",40
SUNIL KUMAR,SUNIL KUMAR PVT LTD,U17111RJ1985PTC003429,Company,Strike Off,Rajasthan,"Bihar, Haryana, Karnataka, Madhya Pradesh, Punjab, Rajasthan, Uttarakhand",39
PRAYAG CONSTRUCTION,PRAYAG CONSTRUCTION PRIVATE LIMITED,U45200PN2010PTC135743,Company,Strike Off,Maharashtra,Uttar Pradesh,838
SHREE VISHNU TRADERS,SHREE VISHNU TRADERS LIMITED,U99999MH1946PLC007470,Company,Dissolved (Liquidated),Maharashtra,Uttar Pradesh,434
CHANDAN ENTERPRISES,CHANDAN ENTERPRISES PRIVATE LIMITED,U51109MH2008PTC180125,Company,Strike Off,Maharashtra,Bihar,209
MAHALAXMI INDUSTRIES,MAHALAXMI INDUSTRIES PRIVATE LIMITED,U99999DL1997PTC091396,Company,Strike Off,Delhi,Madhya Pradesh,145
PUSTAK BHAWAN,PUSTAK BHAWAN PRIVATE LIMITED,U51909JH2020PTC014101,Company,Strike Off,Jharkhand,Bihar,113
Manav Enterprises,MANAV ENTERPRISES PRIVATE LIMITED,U74899DL1992PTC047821,Company,Strike Off,Delhi,Chhattisgarh,109
Praharsh Infrastructure,PRAHARSH INFRASTRUCTURE PRIVATE LIMITED,U60200UP2024PTC203808,Company,Active,Uttar Pradesh,,981
MAHI ENTERPRISES,MAHI ENTERPRISES PRIVATE LIMITED,U70200PN2018PTC175384,Company,Active,Maharashtra,,553
ALLUMINA ELECTRONICS,ALLUMINA ELECTRONICS LLP,AAS-5774,LLP,Active,Kerala,,461
Kerala Electrical And Allied Engineering Company,KERALA ELECTRICAL AND ALLIED ENGINEERING COMPANY LIMITED,U31200KL1964SGC002062,Company,Active,Kerala,,403
SWASTIK ENTERPRISES,SWASTIK ENTERPRISES PRIVATE LIMITED,U23210MP1978PTC001439,Company,Active,Madhya Pradesh,,403
SHRI NAVKAR METALS LIMITED,SHRI NAVKAR METALS LIMITED,U27310GJ1986PLC009107,Company,Active,Gujarat,,384
Advent Infomax Pvt Ltd,ADVENT INFOMAX PRIVATE LIMITED,U72900UP2009PTC038029,Company,Active,Uttar Pradesh,,304
Gyan Ganga,GYAN GANGA LIMITED,U52396BR1994PLC005734,Company,Active,Bihar,,274
SAI ENTERPRISES,SAI ENTERPRISES PRIVATE LIMITED,U74899DL1991PTC044819,Company,Active,Delhi,,273
Exajoule PVT LTD,EXAJOULE PRIVATE LIMITED,U29100UP2020PTC135693,Company,Active,Uttar Pradesh,,231
EVANA ELECTRICALS PRIVATE LIMITED,EVANA ELECTRICALS PRIVATE LIMITED,U31904WB2018PTC224534,Company,Active,West Bengal,,226
Nightingale Networks LLP,NIGHTINGALE NETWORKS LLP,ACH-0100,LLP,Active,Uttar Pradesh,,219
RMK ENTERPRISES,RMK ENTERPRISES LLP,ACP-7276,LLP,Active,Maharashtra,,210
VINAYAK ENTERPRISES,VINAYAK ENTERPRISES PVT LTD,U45209WB1990PTC050433,Company,Active,West Bengal,,200
Sunny Enterprises,SUNNY ENTERPRISES PRIVATE LIMITED,U85110KA2000PTC026748,Company,Active,Karnataka,,168
Vimal Enterprises,VIMAL ENTERPRISES LTD,U51909GJ1967PLC001470,Company,Active,Gujarat,,167
SUNROVER PVT LTD,SUNROVER PRIVATE LIMITED,U51909UP2016PTC086613,Company,Active,Uttar Pradesh,,164
JAI CONSTRUCTION,JAI CONSTRUCTION PVT LTD,U45201DL1981PTC011707,Company,Active,Delhi,,161
